# ItemLoom legacy material observations; Paper 26.2 build 123
# id	legacy-name	start=modern-material (or - for rejected), repeated at value changes
0	AIR	0=-
1	STONE	0=STONE	1=GRANITE	2=POLISHED_GRANITE	3=DIORITE	4=POLISHED_DIORITE	5=ANDESITE	6=POLISHED_ANDESITE	7=STONE	16=-
2	GRASS	0=GRASS_BLOCK	16=-
3	DIRT	0=DIRT	1=COARSE_DIRT	2=PODZOL	3=DIRT	16=-
4	COBBLESTONE	0=COBBLESTONE	16=-
5	WOOD	0=OAK_PLANKS	1=SPRUCE_PLANKS	2=BIRCH_PLANKS	3=JUNGLE_PLANKS	4=ACACIA_PLANKS	5=DARK_OAK_PLANKS	6=OAK_PLANKS	16=-
6	SAPLING	0=OAK_SAPLING	1=SPRUCE_SAPLING	2=BIRCH_SAPLING	3=JUNGLE_SAPLING	4=ACACIA_SAPLING	5=DARK_OAK_SAPLING	6=OAK_SAPLING	16=-
7	BEDROCK	0=BEDROCK	16=-
8	WATER	0=-
9	STATIONARY_WATER	0=-
10	LAVA	0=-
11	STATIONARY_LAVA	0=-
12	SAND	0=SAND	1=RED_SAND	2=SAND	16=-
13	GRAVEL	0=GRAVEL	16=-
14	GOLD_ORE	0=GOLD_ORE	16=-
15	IRON_ORE	0=IRON_ORE	16=-
16	COAL_ORE	0=COAL_ORE	16=-
17	LOG	0=OAK_LOG	1=SPRUCE_LOG	2=BIRCH_LOG	3=JUNGLE_LOG	4=OAK_LOG	16=-
18	LEAVES	0=OAK_LEAVES	1=SPRUCE_LEAVES	2=BIRCH_LEAVES	3=JUNGLE_LEAVES	4=OAK_LEAVES	16=-
19	SPONGE	0=SPONGE	1=WET_SPONGE	2=SPONGE	16=-
20	GLASS	0=GLASS	16=-
21	LAPIS_ORE	0=LAPIS_ORE	16=-
22	LAPIS_BLOCK	0=LAPIS_BLOCK	16=-
23	DISPENSER	0=DISPENSER	16=-
24	SANDSTONE	0=SANDSTONE	1=CHISELED_SANDSTONE	2=CUT_SANDSTONE	3=SANDSTONE	16=-
25	NOTE_BLOCK	0=NOTE_BLOCK	16=-
26	BED_BLOCK	0=RED_BED	16=-
27	POWERED_RAIL	0=POWERED_RAIL	16=-
28	DETECTOR_RAIL	0=DETECTOR_RAIL	16=-
29	PISTON_STICKY_BASE	0=STICKY_PISTON	16=-
30	WEB	0=COBWEB	16=-
31	LONG_GRASS	0=DEAD_BUSH	1=SHORT_GRASS	2=FERN	3=DEAD_BUSH	16=-
32	DEAD_BUSH	0=DEAD_BUSH	16=-
33	PISTON_BASE	0=PISTON	16=-
34	PISTON_EXTENSION	0=-
35	WOOL	0=WHITE_WOOL	1=ORANGE_WOOL	2=MAGENTA_WOOL	3=LIGHT_BLUE_WOOL	4=YELLOW_WOOL	5=LIME_WOOL	6=PINK_WOOL	7=GRAY_WOOL	8=LIGHT_GRAY_WOOL	9=CYAN_WOOL	10=PURPLE_WOOL	11=BLUE_WOOL	12=BROWN_WOOL	13=GREEN_WOOL	14=RED_WOOL	15=BLACK_WOOL	16=-
36	PISTON_MOVING_PIECE	0=-
37	YELLOW_FLOWER	0=DANDELION	16=-
38	RED_ROSE	0=POPPY	1=BLUE_ORCHID	2=ALLIUM	3=AZURE_BLUET	4=RED_TULIP	5=ORANGE_TULIP	6=WHITE_TULIP	7=PINK_TULIP	8=OXEYE_DAISY	9=POPPY	16=-
39	BROWN_MUSHROOM	0=BROWN_MUSHROOM	16=-
40	RED_MUSHROOM	0=RED_MUSHROOM	16=-
41	GOLD_BLOCK	0=GOLD_BLOCK	16=-
42	IRON_BLOCK	0=IRON_BLOCK	16=-
43	DOUBLE_STEP	0=SMOOTH_STONE_SLAB	1=SANDSTONE_SLAB	2=PETRIFIED_OAK_SLAB	3=COBBLESTONE_SLAB	4=BRICK_SLAB	5=STONE_BRICK_SLAB	6=NETHER_BRICK_SLAB	7=QUARTZ_SLAB	8=SMOOTH_STONE	9=SMOOTH_SANDSTONE	10=PETRIFIED_OAK_SLAB	11=COBBLESTONE_SLAB	12=BRICK_SLAB	13=STONE_BRICK_SLAB	14=NETHER_BRICK_SLAB	15=SMOOTH_QUARTZ	16=-
44	STEP	0=SMOOTH_STONE_SLAB	1=SANDSTONE_SLAB	2=PETRIFIED_OAK_SLAB	3=COBBLESTONE_SLAB	4=BRICK_SLAB	5=STONE_BRICK_SLAB	6=NETHER_BRICK_SLAB	7=QUARTZ_SLAB	8=SMOOTH_STONE_SLAB	16=-
45	BRICK	0=BRICKS	16=-
46	TNT	0=TNT	16=-
47	BOOKSHELF	0=BOOKSHELF	16=-
48	MOSSY_COBBLESTONE	0=MOSSY_COBBLESTONE	16=-
49	OBSIDIAN	0=OBSIDIAN	16=-
50	TORCH	0=TORCH	16=-
51	FIRE	0=-
52	MOB_SPAWNER	0=SPAWNER	16=-
53	WOOD_STAIRS	0=OAK_STAIRS	16=-
54	CHEST	0=CHEST	16=-
55	REDSTONE_WIRE	0=-
56	DIAMOND_ORE	0=DIAMOND_ORE	16=-
57	DIAMOND_BLOCK	0=DIAMOND_BLOCK	16=-
58	WORKBENCH	0=CRAFTING_TABLE	16=-
59	CROPS	0=WHEAT	16=-
60	SOIL	0=FARMLAND	16=-
61	FURNACE	0=FURNACE	16=-
62	BURNING_FURNACE	0=FURNACE	16=-
63	SIGN_POST	0=OAK_SIGN	16=-
64	WOODEN_DOOR	0=OAK_DOOR	16=-
65	LADDER	0=LADDER	16=-
66	RAILS	0=RAIL	16=-
67	COBBLESTONE_STAIRS	0=COBBLESTONE_STAIRS	16=-
68	WALL_SIGN	0=-
69	LEVER	0=LEVER	16=-
70	STONE_PLATE	0=STONE_PRESSURE_PLATE	16=-
71	IRON_DOOR_BLOCK	0=IRON_DOOR	16=-
72	WOOD_PLATE	0=OAK_PRESSURE_PLATE	16=-
73	REDSTONE_ORE	0=REDSTONE_ORE	16=-
74	GLOWING_REDSTONE_ORE	0=REDSTONE_ORE	16=-
75	REDSTONE_TORCH_OFF	0=-	5=REDSTONE_TORCH	6=-
76	REDSTONE_TORCH_ON	0=REDSTONE_TORCH	16=-
77	STONE_BUTTON	0=STONE_BUTTON	16=-
78	SNOW	0=SNOW	16=-
79	ICE	0=ICE	16=-
80	SNOW_BLOCK	0=SNOW_BLOCK	16=-
81	CACTUS	0=CACTUS	16=-
82	CLAY	0=CLAY	16=-
83	SUGAR_CANE_BLOCK	0=SUGAR_CANE	16=-
84	JUKEBOX	0=JUKEBOX	16=-
85	FENCE	0=OAK_FENCE	16=-
86	PUMPKIN	0=CARVED_PUMPKIN	16=-
87	NETHERRACK	0=NETHERRACK	16=-
88	SOUL_SAND	0=SOUL_SAND	16=-
89	GLOWSTONE	0=GLOWSTONE	16=-
90	PORTAL	0=-
91	JACK_O_LANTERN	0=JACK_O_LANTERN	16=-
92	CAKE_BLOCK	0=CAKE	16=-
93	DIODE_BLOCK_OFF	0=REPEATER	16=-
94	DIODE_BLOCK_ON	0=REPEATER	16=-
95	STAINED_GLASS	0=WHITE_STAINED_GLASS	1=ORANGE_STAINED_GLASS	2=MAGENTA_STAINED_GLASS	3=LIGHT_BLUE_STAINED_GLASS	4=YELLOW_STAINED_GLASS	5=LIME_STAINED_GLASS	6=PINK_STAINED_GLASS	7=GRAY_STAINED_GLASS	8=LIGHT_GRAY_STAINED_GLASS	9=CYAN_STAINED_GLASS	10=PURPLE_STAINED_GLASS	11=BLUE_STAINED_GLASS	12=BROWN_STAINED_GLASS	13=GREEN_STAINED_GLASS	14=RED_STAINED_GLASS	15=BLACK_STAINED_GLASS	16=-
96	TRAP_DOOR	0=OAK_TRAPDOOR	16=-
97	MONSTER_EGGS	0=INFESTED_STONE	1=INFESTED_COBBLESTONE	2=INFESTED_STONE_BRICKS	3=INFESTED_MOSSY_STONE_BRICKS	4=INFESTED_CRACKED_STONE_BRICKS	5=INFESTED_CHISELED_STONE_BRICKS	6=INFESTED_STONE	16=-
98	SMOOTH_BRICK	0=STONE_BRICKS	1=MOSSY_STONE_BRICKS	2=CRACKED_STONE_BRICKS	3=CHISELED_STONE_BRICKS	4=STONE_BRICKS	16=-
99	HUGE_MUSHROOM_1	0=BROWN_MUSHROOM_BLOCK	16=-
100	HUGE_MUSHROOM_2	0=RED_MUSHROOM_BLOCK	16=-
101	IRON_FENCE	0=IRON_BARS	16=-
102	THIN_GLASS	0=GLASS_PANE	16=-
103	MELON_BLOCK	0=MELON	16=-
104	PUMPKIN_STEM	0=-
105	MELON_STEM	0=-
106	VINE	0=VINE	16=-
107	FENCE_GATE	0=OAK_FENCE_GATE	16=-
108	BRICK_STAIRS	0=BRICK_STAIRS	16=-
109	SMOOTH_STAIRS	0=STONE_BRICK_STAIRS	16=-
110	MYCEL	0=MYCELIUM	16=-
111	WATER_LILY	0=LILY_PAD	16=-
112	NETHER_BRICK	0=NETHER_BRICKS	16=-
113	NETHER_FENCE	0=NETHER_BRICK_FENCE	16=-
114	NETHER_BRICK_STAIRS	0=NETHER_BRICK_STAIRS	16=-
115	NETHER_WARTS	0=NETHER_WART	16=-
116	ENCHANTMENT_TABLE	0=ENCHANTING_TABLE	16=-
117	BREWING_STAND	0=BREWING_STAND	16=-
118	CAULDRON	0=CAULDRON	1=-	4=CAULDRON	16=-
119	ENDER_PORTAL	0=-
120	ENDER_PORTAL_FRAME	0=END_PORTAL_FRAME	16=-
121	ENDER_STONE	0=END_STONE	16=-
122	DRAGON_EGG	0=DRAGON_EGG	16=-
123	REDSTONE_LAMP_OFF	0=REDSTONE_LAMP	16=-
124	REDSTONE_LAMP_ON	0=REDSTONE_LAMP	16=-
125	WOOD_DOUBLE_STEP	0=OAK_SLAB	1=SPRUCE_SLAB	2=BIRCH_SLAB	3=JUNGLE_SLAB	4=ACACIA_SLAB	5=DARK_OAK_SLAB	6=OAK_SLAB	16=-
126	WOOD_STEP	0=OAK_SLAB	1=SPRUCE_SLAB	2=BIRCH_SLAB	3=JUNGLE_SLAB	4=ACACIA_SLAB	5=DARK_OAK_SLAB	6=OAK_SLAB	16=-
127	COCOA	0=-
128	SANDSTONE_STAIRS	0=SANDSTONE_STAIRS	16=-
129	EMERALD_ORE	0=EMERALD_ORE	16=-
130	ENDER_CHEST	0=ENDER_CHEST	16=-
131	TRIPWIRE_HOOK	0=TRIPWIRE_HOOK	16=-
132	TRIPWIRE	0=-
133	EMERALD_BLOCK	0=EMERALD_BLOCK	16=-
134	SPRUCE_WOOD_STAIRS	0=SPRUCE_STAIRS	16=-
135	BIRCH_WOOD_STAIRS	0=BIRCH_STAIRS	16=-
136	JUNGLE_WOOD_STAIRS	0=JUNGLE_STAIRS	16=-
137	COMMAND	0=COMMAND_BLOCK	16=-
138	BEACON	0=BEACON	16=-
139	COBBLE_WALL	0=COBBLESTONE_WALL	1=MOSSY_COBBLESTONE_WALL	2=COBBLESTONE_WALL	16=-
140	FLOWER_POT	0=-
141	CARROT	0=-
142	POTATO	0=-
143	WOOD_BUTTON	0=OAK_BUTTON	16=-
144	SKULL	0=-
145	ANVIL	0=ANVIL	1=CHIPPED_ANVIL	2=DAMAGED_ANVIL	3=ANVIL	16=-
146	TRAPPED_CHEST	0=TRAPPED_CHEST	16=-
147	GOLD_PLATE	0=LIGHT_WEIGHTED_PRESSURE_PLATE	16=-
148	IRON_PLATE	0=HEAVY_WEIGHTED_PRESSURE_PLATE	16=-
149	REDSTONE_COMPARATOR_OFF	0=COMPARATOR	16=-
150	REDSTONE_COMPARATOR_ON	0=COMPARATOR	16=-
151	DAYLIGHT_DETECTOR	0=DAYLIGHT_DETECTOR	16=-
152	REDSTONE_BLOCK	0=REDSTONE_BLOCK	16=-
153	QUARTZ_ORE	0=NETHER_QUARTZ_ORE	16=-
154	HOPPER	0=HOPPER	16=-
155	QUARTZ_BLOCK	0=QUARTZ_BLOCK	1=CHISELED_QUARTZ_BLOCK	2=QUARTZ_PILLAR	3=QUARTZ_BLOCK	16=-
156	QUARTZ_STAIRS	0=QUARTZ_STAIRS	16=-
157	ACTIVATOR_RAIL	0=ACTIVATOR_RAIL	16=-
158	DROPPER	0=DROPPER	16=-
159	STAINED_CLAY	0=WHITE_TERRACOTTA	1=ORANGE_TERRACOTTA	2=MAGENTA_TERRACOTTA	3=LIGHT_BLUE_TERRACOTTA	4=YELLOW_TERRACOTTA	5=LIME_TERRACOTTA	6=PINK_TERRACOTTA	7=GRAY_TERRACOTTA	8=LIGHT_GRAY_TERRACOTTA	9=CYAN_TERRACOTTA	10=PURPLE_TERRACOTTA	11=BLUE_TERRACOTTA	12=BROWN_TERRACOTTA	13=GREEN_TERRACOTTA	14=RED_TERRACOTTA	15=BLACK_TERRACOTTA	16=-
160	STAINED_GLASS_PANE	0=WHITE_STAINED_GLASS_PANE	1=ORANGE_STAINED_GLASS_PANE	2=MAGENTA_STAINED_GLASS_PANE	3=LIGHT_BLUE_STAINED_GLASS_PANE	4=YELLOW_STAINED_GLASS_PANE	5=LIME_STAINED_GLASS_PANE	6=PINK_STAINED_GLASS_PANE	7=GRAY_STAINED_GLASS_PANE	8=LIGHT_GRAY_STAINED_GLASS_PANE	9=CYAN_STAINED_GLASS_PANE	10=PURPLE_STAINED_GLASS_PANE	11=BLUE_STAINED_GLASS_PANE	12=BROWN_STAINED_GLASS_PANE	13=GREEN_STAINED_GLASS_PANE	14=RED_STAINED_GLASS_PANE	15=BLACK_STAINED_GLASS_PANE	16=-
161	LEAVES_2	0=ACACIA_LEAVES	1=DARK_OAK_LEAVES	2=ACACIA_LEAVES	16=-
162	LOG_2	0=ACACIA_LOG	1=DARK_OAK_LOG	2=ACACIA_LOG	16=-
163	ACACIA_STAIRS	0=ACACIA_STAIRS	16=-
164	DARK_OAK_STAIRS	0=DARK_OAK_STAIRS	16=-
165	SLIME_BLOCK	0=SLIME_BLOCK	16=-
166	BARRIER	0=BARRIER	16=-
167	IRON_TRAPDOOR	0=IRON_TRAPDOOR	16=-
168	PRISMARINE	0=PRISMARINE	1=PRISMARINE_BRICKS	2=DARK_PRISMARINE	3=PRISMARINE	16=-
169	SEA_LANTERN	0=SEA_LANTERN	16=-
170	HAY_BLOCK	0=HAY_BLOCK	16=-
171	CARPET	0=WHITE_CARPET	1=ORANGE_CARPET	2=MAGENTA_CARPET	3=LIGHT_BLUE_CARPET	4=YELLOW_CARPET	5=LIME_CARPET	6=PINK_CARPET	7=GRAY_CARPET	8=LIGHT_GRAY_CARPET	9=CYAN_CARPET	10=PURPLE_CARPET	11=BLUE_CARPET	12=BROWN_CARPET	13=GREEN_CARPET	14=RED_CARPET	15=BLACK_CARPET	16=-
172	HARD_CLAY	0=TERRACOTTA	16=-
173	COAL_BLOCK	0=COAL_BLOCK	16=-
174	PACKED_ICE	0=PACKED_ICE	16=-
175	DOUBLE_PLANT	0=SUNFLOWER	1=LILAC	2=TALL_GRASS	3=LARGE_FERN	4=ROSE_BUSH	5=PEONY	6=SUNFLOWER	16=-
176	STANDING_BANNER	0=WHITE_BANNER	16=-
177	WALL_BANNER	0=-
178	DAYLIGHT_DETECTOR_INVERTED	0=DAYLIGHT_DETECTOR	16=-
179	RED_SANDSTONE	0=RED_SANDSTONE	1=CHISELED_RED_SANDSTONE	2=CUT_RED_SANDSTONE	3=RED_SANDSTONE	16=-
180	RED_SANDSTONE_STAIRS	0=RED_SANDSTONE_STAIRS	16=-
181	DOUBLE_STONE_SLAB2	0=RED_SANDSTONE_SLAB	8=SMOOTH_RED_SANDSTONE	9=RED_SANDSTONE_SLAB	16=-
182	STONE_SLAB2	0=RED_SANDSTONE_SLAB	16=-
183	SPRUCE_FENCE_GATE	0=SPRUCE_FENCE_GATE	16=-
184	BIRCH_FENCE_GATE	0=BIRCH_FENCE_GATE	16=-
185	JUNGLE_FENCE_GATE	0=JUNGLE_FENCE_GATE	16=-
186	DARK_OAK_FENCE_GATE	0=DARK_OAK_FENCE_GATE	16=-
187	ACACIA_FENCE_GATE	0=ACACIA_FENCE_GATE	16=-
188	SPRUCE_FENCE	0=SPRUCE_FENCE	16=-
189	BIRCH_FENCE	0=BIRCH_FENCE	16=-
190	JUNGLE_FENCE	0=JUNGLE_FENCE	16=-
191	DARK_OAK_FENCE	0=DARK_OAK_FENCE	16=-
192	ACACIA_FENCE	0=ACACIA_FENCE	16=-
193	SPRUCE_DOOR	0=SPRUCE_DOOR	16=-
194	BIRCH_DOOR	0=BIRCH_DOOR	16=-
195	JUNGLE_DOOR	0=JUNGLE_DOOR	16=-
196	ACACIA_DOOR	0=ACACIA_DOOR	16=-
197	DARK_OAK_DOOR	0=DARK_OAK_DOOR	16=-
198	END_ROD	0=END_ROD	16=-
199	CHORUS_PLANT	0=CHORUS_PLANT	16=-
200	CHORUS_FLOWER	0=CHORUS_FLOWER	16=-
201	PURPUR_BLOCK	0=PURPUR_BLOCK	16=-
202	PURPUR_PILLAR	0=PURPUR_PILLAR	16=-
203	PURPUR_STAIRS	0=PURPUR_STAIRS	16=-
204	PURPUR_DOUBLE_SLAB	0=PURPUR_SLAB	16=-
205	PURPUR_SLAB	0=PURPUR_SLAB	16=-
206	END_BRICKS	0=END_STONE_BRICKS	16=-
207	BEETROOT_BLOCK	0=-
208	GRASS_PATH	0=DIRT_PATH	16=-
209	END_GATEWAY	0=-
210	COMMAND_REPEATING	0=REPEATING_COMMAND_BLOCK	16=-
211	COMMAND_CHAIN	0=CHAIN_COMMAND_BLOCK	16=-
212	FROSTED_ICE	0=-
213	MAGMA	0=MAGMA_BLOCK	16=-
214	NETHER_WART_BLOCK	0=NETHER_WART_BLOCK	16=-
215	RED_NETHER_BRICK	0=RED_NETHER_BRICKS	16=-
216	BONE_BLOCK	0=BONE_BLOCK	16=-
217	STRUCTURE_VOID	0=STRUCTURE_VOID	16=-
218	OBSERVER	0=OBSERVER	16=-
219	WHITE_SHULKER_BOX	0=WHITE_SHULKER_BOX	16=-
220	ORANGE_SHULKER_BOX	0=ORANGE_SHULKER_BOX	16=-
221	MAGENTA_SHULKER_BOX	0=MAGENTA_SHULKER_BOX	16=-
222	LIGHT_BLUE_SHULKER_BOX	0=LIGHT_BLUE_SHULKER_BOX	16=-
223	YELLOW_SHULKER_BOX	0=YELLOW_SHULKER_BOX	16=-
224	LIME_SHULKER_BOX	0=LIME_SHULKER_BOX	16=-
225	PINK_SHULKER_BOX	0=PINK_SHULKER_BOX	16=-
226	GRAY_SHULKER_BOX	0=GRAY_SHULKER_BOX	16=-
227	SILVER_SHULKER_BOX	0=LIGHT_GRAY_SHULKER_BOX	16=-
228	CYAN_SHULKER_BOX	0=CYAN_SHULKER_BOX	16=-
229	PURPLE_SHULKER_BOX	0=SHULKER_BOX	16=-
230	BLUE_SHULKER_BOX	0=BLUE_SHULKER_BOX	16=-
231	BROWN_SHULKER_BOX	0=BROWN_SHULKER_BOX	16=-
232	GREEN_SHULKER_BOX	0=GREEN_SHULKER_BOX	16=-
233	RED_SHULKER_BOX	0=RED_SHULKER_BOX	16=-
234	BLACK_SHULKER_BOX	0=BLACK_SHULKER_BOX	16=-
235	WHITE_GLAZED_TERRACOTTA	0=WHITE_GLAZED_TERRACOTTA	16=-
236	ORANGE_GLAZED_TERRACOTTA	0=ORANGE_GLAZED_TERRACOTTA	16=-
237	MAGENTA_GLAZED_TERRACOTTA	0=MAGENTA_GLAZED_TERRACOTTA	16=-
238	LIGHT_BLUE_GLAZED_TERRACOTTA	0=LIGHT_BLUE_GLAZED_TERRACOTTA	16=-
239	YELLOW_GLAZED_TERRACOTTA	0=YELLOW_GLAZED_TERRACOTTA	16=-
240	LIME_GLAZED_TERRACOTTA	0=LIME_GLAZED_TERRACOTTA	16=-
241	PINK_GLAZED_TERRACOTTA	0=PINK_GLAZED_TERRACOTTA	16=-
242	GRAY_GLAZED_TERRACOTTA	0=GRAY_GLAZED_TERRACOTTA	16=-
243	SILVER_GLAZED_TERRACOTTA	0=LIGHT_GRAY_GLAZED_TERRACOTTA	16=-
244	CYAN_GLAZED_TERRACOTTA	0=CYAN_GLAZED_TERRACOTTA	16=-
245	PURPLE_GLAZED_TERRACOTTA	0=PURPLE_GLAZED_TERRACOTTA	16=-
246	BLUE_GLAZED_TERRACOTTA	0=BLUE_GLAZED_TERRACOTTA	16=-
247	BROWN_GLAZED_TERRACOTTA	0=BROWN_GLAZED_TERRACOTTA	16=-
248	GREEN_GLAZED_TERRACOTTA	0=GREEN_GLAZED_TERRACOTTA	16=-
249	RED_GLAZED_TERRACOTTA	0=RED_GLAZED_TERRACOTTA	16=-
250	BLACK_GLAZED_TERRACOTTA	0=BLACK_GLAZED_TERRACOTTA	16=-
251	CONCRETE	0=WHITE_CONCRETE	1=ORANGE_CONCRETE	2=MAGENTA_CONCRETE	3=LIGHT_BLUE_CONCRETE	4=YELLOW_CONCRETE	5=LIME_CONCRETE	6=PINK_CONCRETE	7=GRAY_CONCRETE	8=LIGHT_GRAY_CONCRETE	9=CYAN_CONCRETE	10=PURPLE_CONCRETE	11=BLUE_CONCRETE	12=BROWN_CONCRETE	13=GREEN_CONCRETE	14=RED_CONCRETE	15=BLACK_CONCRETE	16=-
252	CONCRETE_POWDER	0=WHITE_CONCRETE_POWDER	1=ORANGE_CONCRETE_POWDER	2=MAGENTA_CONCRETE_POWDER	3=LIGHT_BLUE_CONCRETE_POWDER	4=YELLOW_CONCRETE_POWDER	5=LIME_CONCRETE_POWDER	6=PINK_CONCRETE_POWDER	7=GRAY_CONCRETE_POWDER	8=LIGHT_GRAY_CONCRETE_POWDER	9=CYAN_CONCRETE_POWDER	10=PURPLE_CONCRETE_POWDER	11=BLUE_CONCRETE_POWDER	12=BROWN_CONCRETE_POWDER	13=GREEN_CONCRETE_POWDER	14=RED_CONCRETE_POWDER	15=BLACK_CONCRETE_POWDER	16=-
255	STRUCTURE_BLOCK	0=STRUCTURE_BLOCK	16=-
256	IRON_SPADE	0=IRON_SHOVEL	1=-
257	IRON_PICKAXE	0=IRON_PICKAXE	1=-
258	IRON_AXE	0=IRON_AXE	1=-
259	FLINT_AND_STEEL	0=FLINT_AND_STEEL	1=-
260	APPLE	0=APPLE	16=-
261	BOW	0=BOW	1=-
262	ARROW	0=ARROW	16=-
263	COAL	0=COAL	1=CHARCOAL	2=COAL	16=-
264	DIAMOND	0=DIAMOND	16=-
265	IRON_INGOT	0=IRON_INGOT	16=-
266	GOLD_INGOT	0=GOLD_INGOT	16=-
267	IRON_SWORD	0=IRON_SWORD	1=-
268	WOOD_SWORD	0=WOODEN_SWORD	1=-
269	WOOD_SPADE	0=WOODEN_SHOVEL	1=-
270	WOOD_PICKAXE	0=WOODEN_PICKAXE	1=-
271	WOOD_AXE	0=WOODEN_AXE	1=-
272	STONE_SWORD	0=STONE_SWORD	1=-
273	STONE_SPADE	0=STONE_SHOVEL	1=-
274	STONE_PICKAXE	0=STONE_PICKAXE	1=-
275	STONE_AXE	0=STONE_AXE	1=-
276	DIAMOND_SWORD	0=DIAMOND_SWORD	1=-
277	DIAMOND_SPADE	0=DIAMOND_SHOVEL	1=-
278	DIAMOND_PICKAXE	0=DIAMOND_PICKAXE	1=-
279	DIAMOND_AXE	0=DIAMOND_AXE	1=-
280	STICK	0=STICK	16=-
281	BOWL	0=BOWL	16=-
282	MUSHROOM_SOUP	0=MUSHROOM_STEW	16=-
283	GOLD_SWORD	0=GOLDEN_SWORD	1=-
284	GOLD_SPADE	0=GOLDEN_SHOVEL	1=-
285	GOLD_PICKAXE	0=GOLDEN_PICKAXE	1=-
286	GOLD_AXE	0=GOLDEN_AXE	1=-
287	STRING	0=STRING	16=-
288	FEATHER	0=FEATHER	16=-
289	SULPHUR	0=GUNPOWDER	16=-
290	WOOD_HOE	0=WOODEN_HOE	1=-
291	STONE_HOE	0=STONE_HOE	1=-
292	IRON_HOE	0=IRON_HOE	1=-
293	DIAMOND_HOE	0=DIAMOND_HOE	1=-
294	GOLD_HOE	0=GOLDEN_HOE	1=-
295	SEEDS	0=WHEAT_SEEDS	16=-
296	WHEAT	0=WHEAT	16=-
297	BREAD	0=BREAD	16=-
298	LEATHER_HELMET	0=LEATHER_HELMET	1=-
299	LEATHER_CHESTPLATE	0=LEATHER_CHESTPLATE	1=-
300	LEATHER_LEGGINGS	0=LEATHER_LEGGINGS	1=-
301	LEATHER_BOOTS	0=LEATHER_BOOTS	1=-
302	CHAINMAIL_HELMET	0=CHAINMAIL_HELMET	1=-
303	CHAINMAIL_CHESTPLATE	0=CHAINMAIL_CHESTPLATE	1=-
304	CHAINMAIL_LEGGINGS	0=CHAINMAIL_LEGGINGS	1=-
305	CHAINMAIL_BOOTS	0=CHAINMAIL_BOOTS	1=-
306	IRON_HELMET	0=IRON_HELMET	1=-
307	IRON_CHESTPLATE	0=IRON_CHESTPLATE	1=-
308	IRON_LEGGINGS	0=IRON_LEGGINGS	1=-
309	IRON_BOOTS	0=IRON_BOOTS	1=-
310	DIAMOND_HELMET	0=DIAMOND_HELMET	1=-
311	DIAMOND_CHESTPLATE	0=DIAMOND_CHESTPLATE	1=-
312	DIAMOND_LEGGINGS	0=DIAMOND_LEGGINGS	1=-
313	DIAMOND_BOOTS	0=DIAMOND_BOOTS	1=-
314	GOLD_HELMET	0=GOLDEN_HELMET	1=-
315	GOLD_CHESTPLATE	0=GOLDEN_CHESTPLATE	1=-
316	GOLD_LEGGINGS	0=GOLDEN_LEGGINGS	1=-
317	GOLD_BOOTS	0=GOLDEN_BOOTS	1=-
318	FLINT	0=FLINT	16=-
319	PORK	0=PORKCHOP	16=-
320	GRILLED_PORK	0=COOKED_PORKCHOP	16=-
321	PAINTING	0=PAINTING	16=-
322	GOLDEN_APPLE	0=GOLDEN_APPLE	1=ENCHANTED_GOLDEN_APPLE	2=GOLDEN_APPLE	16=-
323	SIGN	0=OAK_SIGN	16=-
324	WOOD_DOOR	0=OAK_DOOR	16=-
325	BUCKET	0=BUCKET	16=-
326	WATER_BUCKET	0=WATER_BUCKET	16=-
327	LAVA_BUCKET	0=LAVA_BUCKET	16=-
328	MINECART	0=MINECART	16=-
329	SADDLE	0=SADDLE	16=-
330	IRON_DOOR	0=IRON_DOOR	16=-
331	REDSTONE	0=REDSTONE	16=-
332	SNOW_BALL	0=SNOWBALL	16=-
333	BOAT	0=OAK_BOAT	16=-
334	LEATHER	0=LEATHER	16=-
335	MILK_BUCKET	0=MILK_BUCKET	16=-
336	CLAY_BRICK	0=BRICK	16=-
337	CLAY_BALL	0=CLAY_BALL	16=-
338	SUGAR_CANE	0=SUGAR_CANE	16=-
339	PAPER	0=PAPER	16=-
340	BOOK	0=BOOK	16=-
341	SLIME_BALL	0=SLIME_BALL	16=-
342	STORAGE_MINECART	0=CHEST_MINECART	16=-
343	POWERED_MINECART	0=FURNACE_MINECART	16=-
344	EGG	0=EGG	16=-
345	COMPASS	0=COMPASS	16=-
346	FISHING_ROD	0=FISHING_ROD	1=-
347	WATCH	0=CLOCK	16=-
348	GLOWSTONE_DUST	0=GLOWSTONE_DUST	16=-
349	RAW_FISH	0=COD	1=SALMON	2=TROPICAL_FISH	3=PUFFERFISH	4=COD	16=-
350	COOKED_FISH	0=COOKED_COD	1=COOKED_SALMON	2=COOKED_COD	16=-
351	INK_SACK	0=INK_SAC	1=RED_DYE	2=GREEN_DYE	3=COCOA_BEANS	4=LAPIS_LAZULI	5=PURPLE_DYE	6=CYAN_DYE	7=LIGHT_GRAY_DYE	8=GRAY_DYE	9=PINK_DYE	10=LIME_DYE	11=YELLOW_DYE	12=LIGHT_BLUE_DYE	13=MAGENTA_DYE	14=ORANGE_DYE	15=BONE_MEAL	16=-
352	BONE	0=BONE	16=-
353	SUGAR	0=SUGAR	16=-
354	CAKE	0=CAKE	16=-
355	BED	0=RED_BED	1=ORANGE_BED	2=MAGENTA_BED	3=LIGHT_BLUE_BED	4=YELLOW_BED	5=LIME_BED	6=PINK_BED	7=GRAY_BED	8=LIGHT_GRAY_BED	9=CYAN_BED	10=PURPLE_BED	11=BLUE_BED	12=BROWN_BED	13=GREEN_BED	14=RED_BED	15=BLACK_BED	16=-
356	DIODE	0=REPEATER	16=-
357	COOKIE	0=COOKIE	16=-
358	MAP	0=FILLED_MAP	16=-
359	SHEARS	0=SHEARS	1=-
360	MELON	0=MELON_SLICE	16=-
361	PUMPKIN_SEEDS	0=PUMPKIN_SEEDS	16=-
362	MELON_SEEDS	0=MELON_SEEDS	16=-
363	RAW_BEEF	0=BEEF	16=-
364	COOKED_BEEF	0=COOKED_BEEF	16=-
365	RAW_CHICKEN	0=CHICKEN	16=-
366	COOKED_CHICKEN	0=COOKED_CHICKEN	16=-
367	ROTTEN_FLESH	0=ROTTEN_FLESH	16=-
368	ENDER_PEARL	0=ENDER_PEARL	16=-
369	BLAZE_ROD	0=BLAZE_ROD	16=-
370	GHAST_TEAR	0=GHAST_TEAR	16=-
371	GOLD_NUGGET	0=GOLD_NUGGET	16=-
372	NETHER_STALK	0=NETHER_WART	16=-
373	POTION	0=POTION	16=-
374	GLASS_BOTTLE	0=GLASS_BOTTLE	16=-
375	SPIDER_EYE	0=SPIDER_EYE	16=-
376	FERMENTED_SPIDER_EYE	0=FERMENTED_SPIDER_EYE	16=-
377	BLAZE_POWDER	0=BLAZE_POWDER	16=-
378	MAGMA_CREAM	0=MAGMA_CREAM	16=-
379	BREWING_STAND_ITEM	0=BREWING_STAND	16=-
380	CAULDRON_ITEM	0=CAULDRON	16=-
381	EYE_OF_ENDER	0=ENDER_EYE	16=-
382	SPECKLED_MELON	0=GLISTERING_MELON_SLICE	16=-
383	MONSTER_EGG	0=PIG_SPAWN_EGG	1=-	4=ELDER_GUARDIAN_SPAWN_EGG	5=WITHER_SKELETON_SPAWN_EGG	6=STRAY_SPAWN_EGG	7=-	23=HUSK_SPAWN_EGG	24=-	27=ZOMBIE_VILLAGER_SPAWN_EGG	28=SKELETON_HORSE_SPAWN_EGG	29=ZOMBIE_HORSE_SPAWN_EGG	30=-	31=DONKEY_SPAWN_EGG	32=MULE_SPAWN_EGG	33=-	34=EVOKER_SPAWN_EGG	35=VEX_SPAWN_EGG	36=VINDICATOR_SPAWN_EGG	37=-	50=CREEPER_SPAWN_EGG	51=SKELETON_SPAWN_EGG	52=SPIDER_SPAWN_EGG	53=-	54=ZOMBIE_SPAWN_EGG	55=SLIME_SPAWN_EGG	56=GHAST_SPAWN_EGG	57=ZOMBIFIED_PIGLIN_SPAWN_EGG	58=ENDERMAN_SPAWN_EGG	59=CAVE_SPIDER_SPAWN_EGG	60=SILVERFISH_SPAWN_EGG	61=BLAZE_SPAWN_EGG	62=MAGMA_CUBE_SPAWN_EGG	63=-	65=BAT_SPAWN_EGG	66=WITCH_SPAWN_EGG	67=ENDERMITE_SPAWN_EGG	68=GUARDIAN_SPAWN_EGG	69=SHULKER_SPAWN_EGG	70=-	90=PIG_SPAWN_EGG	91=SHEEP_SPAWN_EGG	92=COW_SPAWN_EGG	93=CHICKEN_SPAWN_EGG	94=SQUID_SPAWN_EGG	95=WOLF_SPAWN_EGG	96=MOOSHROOM_SPAWN_EGG	97=-	98=OCELOT_SPAWN_EGG	99=-	100=HORSE_SPAWN_EGG	101=RABBIT_SPAWN_EGG	102=POLAR_BEAR_SPAWN_EGG	103=LLAMA_SPAWN_EGG	104=-	105=PARROT_SPAWN_EGG	106=-	120=VILLAGER_SPAWN_EGG	121=-	255=TURTLE_SPAWN_EGG
384	EXP_BOTTLE	0=EXPERIENCE_BOTTLE	16=-
385	FIREBALL	0=FIRE_CHARGE	16=-
386	BOOK_AND_QUILL	0=WRITABLE_BOOK	16=-
387	WRITTEN_BOOK	0=WRITTEN_BOOK	16=-
388	EMERALD	0=EMERALD	16=-
389	ITEM_FRAME	0=ITEM_FRAME	16=-
390	FLOWER_POT_ITEM	0=FLOWER_POT	16=-
391	CARROT_ITEM	0=CARROT	16=-
392	POTATO_ITEM	0=POTATO	16=-
393	BAKED_POTATO	0=BAKED_POTATO	16=-
394	POISONOUS_POTATO	0=POISONOUS_POTATO	16=-
395	EMPTY_MAP	0=MAP	16=-
396	GOLDEN_CARROT	0=GOLDEN_CARROT	16=-
397	SKULL_ITEM	0=SKELETON_SKULL	1=WITHER_SKELETON_SKULL	2=ZOMBIE_HEAD	3=PLAYER_HEAD	4=CREEPER_HEAD	5=DRAGON_HEAD	6=SKELETON_SKULL	16=-
398	CARROT_STICK	0=CARROT_ON_A_STICK	1=-
399	NETHER_STAR	0=NETHER_STAR	16=-
400	PUMPKIN_PIE	0=PUMPKIN_PIE	16=-
401	FIREWORK	0=FIREWORK_ROCKET	16=-
402	FIREWORK_CHARGE	0=FIREWORK_STAR	16=-
403	ENCHANTED_BOOK	0=ENCHANTED_BOOK	16=-
404	REDSTONE_COMPARATOR	0=COMPARATOR	16=-
405	NETHER_BRICK_ITEM	0=NETHER_BRICK	16=-
406	QUARTZ	0=QUARTZ	16=-
407	EXPLOSIVE_MINECART	0=TNT_MINECART	16=-
408	HOPPER_MINECART	0=HOPPER_MINECART	16=-
409	PRISMARINE_SHARD	0=PRISMARINE_SHARD	16=-
410	PRISMARINE_CRYSTALS	0=PRISMARINE_CRYSTALS	16=-
411	RABBIT	0=RABBIT	16=-
412	COOKED_RABBIT	0=COOKED_RABBIT	16=-
413	RABBIT_STEW	0=RABBIT_STEW	16=-
414	RABBIT_FOOT	0=RABBIT_FOOT	16=-
415	RABBIT_HIDE	0=RABBIT_HIDE	16=-
416	ARMOR_STAND	0=ARMOR_STAND	16=-
417	IRON_BARDING	0=IRON_HORSE_ARMOR	16=-
418	GOLD_BARDING	0=GOLDEN_HORSE_ARMOR	16=-
419	DIAMOND_BARDING	0=DIAMOND_HORSE_ARMOR	16=-
420	LEASH	0=LEAD	16=-
421	NAME_TAG	0=NAME_TAG	16=-
422	COMMAND_MINECART	0=COMMAND_BLOCK_MINECART	16=-
423	MUTTON	0=MUTTON	16=-
424	COOKED_MUTTON	0=COOKED_MUTTON	16=-
425	BANNER	0=BLACK_BANNER	1=RED_BANNER	2=GREEN_BANNER	3=BROWN_BANNER	4=BLUE_BANNER	5=PURPLE_BANNER	6=CYAN_BANNER	7=LIGHT_GRAY_BANNER	8=GRAY_BANNER	9=PINK_BANNER	10=LIME_BANNER	11=YELLOW_BANNER	12=LIGHT_BLUE_BANNER	13=MAGENTA_BANNER	14=ORANGE_BANNER	15=WHITE_BANNER	16=-
426	END_CRYSTAL	0=END_CRYSTAL	16=-
427	SPRUCE_DOOR_ITEM	0=SPRUCE_DOOR	16=-
428	BIRCH_DOOR_ITEM	0=BIRCH_DOOR	16=-
429	JUNGLE_DOOR_ITEM	0=JUNGLE_DOOR	16=-
430	ACACIA_DOOR_ITEM	0=ACACIA_DOOR	16=-
431	DARK_OAK_DOOR_ITEM	0=DARK_OAK_DOOR	16=-
432	CHORUS_FRUIT	0=CHORUS_FRUIT	16=-
433	CHORUS_FRUIT_POPPED	0=POPPED_CHORUS_FRUIT	16=-
434	BEETROOT	0=BEETROOT	16=-
435	BEETROOT_SEEDS	0=BEETROOT_SEEDS	16=-
436	BEETROOT_SOUP	0=BEETROOT_SOUP	16=-
437	DRAGONS_BREATH	0=DRAGON_BREATH	16=-
438	SPLASH_POTION	0=SPLASH_POTION	16=-
439	SPECTRAL_ARROW	0=SPECTRAL_ARROW	16=-
440	TIPPED_ARROW	0=TIPPED_ARROW	16=-
441	LINGERING_POTION	0=LINGERING_POTION	16=-
442	SHIELD	0=SHIELD	1=-
443	ELYTRA	0=ELYTRA	1=-
444	BOAT_SPRUCE	0=SPRUCE_BOAT	16=-
445	BOAT_BIRCH	0=BIRCH_BOAT	16=-
446	BOAT_JUNGLE	0=JUNGLE_BOAT	16=-
447	BOAT_ACACIA	0=ACACIA_BOAT	16=-
448	BOAT_DARK_OAK	0=DARK_OAK_BOAT	16=-
449	TOTEM	0=TOTEM_OF_UNDYING	16=-
450	SHULKER_SHELL	0=SHULKER_SHELL	16=-
452	IRON_NUGGET	0=IRON_NUGGET	16=-
453	KNOWLEDGE_BOOK	0=KNOWLEDGE_BOOK	16=-
2256	GOLD_RECORD	0=MUSIC_DISC_13	16=-
2257	GREEN_RECORD	0=MUSIC_DISC_CAT	16=-
2258	RECORD_3	0=MUSIC_DISC_BLOCKS	16=-
2259	RECORD_4	0=MUSIC_DISC_CHIRP	16=-
2260	RECORD_5	0=MUSIC_DISC_FAR	16=-
2261	RECORD_6	0=MUSIC_DISC_MALL	16=-
2262	RECORD_7	0=MUSIC_DISC_MELLOHI	16=-
2263	RECORD_8	0=MUSIC_DISC_STAL	16=-
2264	RECORD_9	0=MUSIC_DISC_STRAD	16=-
2265	RECORD_10	0=MUSIC_DISC_WARD	16=-
2266	RECORD_11	0=MUSIC_DISC_11	16=-
2267	RECORD_12	0=MUSIC_DISC_WAIT	16=-
